SH,Site,habitat,sstmean,temp,rate,CAP1,MDS1
AK_Seagrass,AK,Seagrass,7.80620002746582,13.8333333333333,0.0017860163885773,-0.2438992755757811,0.19422904308029704
AK_Unvegetated,AK,Unvegetated,7.80620002746582,13.9777777777778,0,-0.18764917401547612,0.1540116251029478
Baja_Seagrass,Baja,Seagrass,17.8143329620361,25.3411111111111,0.28779725376202187,-0.07203978977298522,3.340988976700387e-4
Baja_Unvegetated,Baja,Unvegetated,17.8143329620361,24.7177777777778,0.020034491522679266,-0.03777200703692154,-0.1255431766614213
BC_Seagrass,BC,Seagrass,9.53099981943766,12.1,0.0028289766285654917,-0.23383539792274935,0.16637299460188623
BC_Unvegetated,BC,Unvegetated,9.53099981943766,12.6083333333333,0.00478717259954222,-0.1931472316217765,0.11844781668441746
Brazil_Seagrass,Brazil,Seagrass,24.6234998703003,26.8222222222222,0.02633638079834913,-0.07002484641065866,-0.22880968308185073
Brazil_Unvegetated,Brazil,Unvegetated,24.6234998703003,26.9777777777778,0.0029760957760974227,-0.027887313513824404,-0.26730758579410174
CA_Seagrass,CA,Seagrass,17.25,21.8677777777778,0.09851986024432245,-0.1685313704377578,0.057383715981973824
CA_Unvegetated,CA,Unvegetated,17.25,21.8311111111111,0.023118523158235017,-0.1475968942075377,0.03562921915440701
CA2_Seagrass,CA2,Seagrass,13.4354996681213,NA,0.010381562524838803,-0.11096026973559762,0.02044475087732075
CA2_Unvegetated,CA2,Unvegetated,13.4354996681213,NA,0.00417099738680256,-0.12597113212732852,0.05901793300397518
CA3_Seagrass,CA3,Seagrass,13.0710000991821,15.8388888888889,0.1155253890405432,-0.18097825680151816,0.18164627497999994
CA3_Unvegetated,CA3,Unvegetated,13.0710000991821,15.5666666666667,0.00174919922242994,-0.14112198329587514,0.01392220567424084
Chile_Seagrass,Chile,Seagrass,15.1050000190735,19.8333333333333,0.00349839844403024,-0.09270271217385112,-0.011940790101243765
Chile_Unvegetated,Chile,Unvegetated,15.1050000190735,19.6,0.0058910509815257965,-0.05441394220696332,-0.04105438162106281
Croatia_Seagrass,Croatia,Seagrass,15.7770004272461,22,0,0.14966742633124724,-0.0508211476265636
Croatia_Unvegetated,Croatia,Unvegetated,15.7770004272461,21.9444444444444,0.191681671322913,0.14722821413945314,-0.011494374880553767
DE_Unvegetated,DE,Unvegetated,NA,26.51499941,0.005158542832228672,-0.15432666709412898,0.013028407986578134
FL_Seagrass,FL,Seagrass,25.5809993743896,21.85,0.2877892059098243,0.3278532200088702,-0.06942244074393007
FL_Unvegetated,FL,Unvegetated,25.5809993743896,21.85,0.5047440607258257,0.32896720228209,-0.024569673883376494
France_Seagrass,France,Seagrass,16.4740002950033,24.4666666666667,4.537526647225833e-4,0.11729035314550078,-0.044634560081482214
France_Unvegetated,France,Unvegetated,16.4740002950033,24.5416666666667,0.04617251367819423,0.21737512330345674,-0.11476794146101388
Italy_Seagrass,Italy,Seagrass,18.8420000076294,26.08813,0.869047618872248,0.2762322977647496,-0.016562024382665196
Italy_Unvegetated,Italy,Unvegetated,18.8420000076294,26.08813,0.9999999999574397,0.34836491753026755,0.10534850744742856
Korea_Seagrass,Korea,Seagrass,17.6826000213623,18.4666666666667,0.03326531901149005,-0.028894001002209888,0.01992846740965911
Korea_Unvegetated,Korea,Unvegetated,17.6826000213623,18.3166666666667,0.2274914790972235,-0.08903235581576595,0.07290871298853184
MA_Seagrass,MA,Seagrass,10.3159999847412,13.0555555555556,0.004143496912381877,-0.06579366523907541,0.06196336779188523
MA_Unvegetated,MA,Unvegetated,10.3159999847412,12.7777777777778,0.0030048645718492666,-0.2272586720741338,0.2137882936912335
NC_Seagrass,NC,Seagrass,21.2454996109009,33.6888888888889,0.7009696188211324,0.14177577058826843,-0.032778152227972035
NC_Unvegetated,NC,Unvegetated,21.2454996109009,33.0111111111111,0.7192889556764114,0.13628785665386067,-0.03719533027265417
NC2_Seagrass,NC2,Seagrass,21.0527501106262,23.65,0.8933333333153647,0.33064233033360924,0.06981658897909696
Norway_Seagrass,Norway,Seagrass,7.18950003385544,11.52,0,-0.20473394664750655,0.17025102450737803
Norway_Unvegetated,Norway,Unvegetated,7.18950003385544,11.5,5.714641352272767e-4,-0.1436064910575054,0.13390573215995005
NSW1_Seagrass,NSW1,Seagrass,22.2109994888306,27.8666666666667,0.9799999999723681,0.29274563058602093,0.020223857488937895
NSW1_Unvegetated,NSW1,Unvegetated,22.2109994888306,28.1666666666667,0.461121114201135,0.107255697206282,-0.02811492346750321
NSW2_Seagrass,NSW2,Seagrass,21.1489996910095,24.8333333333333,0.9466666666525264,0.274740926320564,0.021018392733781425
NSW2_Unvegetated,NSW2,Unvegetated,21.1489996910095,24.9333333333333,0.999999999957579,0.26801440017787637,0.029240772886393273
OR_Seagrass,OR,Seagrass,11.2034997940063,15.9504444444444,0.0012857943042613724,-0.28637574529620874,0.13909890422349513
OR_Unvegetated,OR,Unvegetated,11.2034997940063,17.1404444444444,0.00425382689863089,-0.19685005271381165,0.10249596887877288
QC_Seagrass,QC,Seagrass,5.31999998092651,12.5,0,-0.16727198124976775,0.1013399726155216
QC_Unvegetated,QC,Unvegetated,5.31999998092651,12.5,0.002658696467050036,-0.18324009936149702,0.049760497038229524
QLD2_Seagrass,QLD2,Seagrass,25.9474997520447,27.75,0.08853453846133791,0.06499744449712916,-0.10354532479981857
QLD2_Unvegetated,QLD2,Unvegetated,25.9474997520447,27.0833333333333,0.06672935440380337,0.12380037126873777,-0.14172668402118824
QLD3_Seagrass,QLD3,Seagrass,24.6019999186198,26,0.6915010230835235,0.10246316112998906,-0.0920844363477559
QLD3_Unvegetated,QLD3,Unvegetated,24.6019999186198,26,0.5985326363065556,0.20033606240791293,-0.0924015736327823
QLD4_Seagrass,QLD4,Seagrass,23.5752501487732,30.2,0.526434066871848,0.21477641966689362,-0.0024966394398841614
QLD4_Unvegetated,QLD4,Unvegetated,23.5752501487732,30.5222222222222,0.26329314794513536,0.06129563586479226,-0.05904560761030513
TX_Seagrass,TX,Seagrass,24.4569997787476,28,0.0944348488813344,0.10779256748353833,-0.12117580108019857
TX_Unvegetated,TX,Unvegetated,24.4569997787476,28,0.11305011031951573,0.08133633577513244,-0.13178884914661862
VA_Seagrass,VA,Seagrass,16.06725025177,29.57762,0.10440977133211,-0.025655023821422703,-0.14991299219529744
VA2_Seagrass,VA2,Seagrass,15.4375,25.7111111111111,0.0229216953574732,-0.11390781351697915,-0.04773240905489035
VA2_Unvegetated,VA2,Unvegetated,15.4375,25.6,0.0102161026488851,9.427374761569332e-4,-0.15408751154960307
VIC_Seagrass,VIC,Seagrass,16.1350005467733,20.7625,0.020857077874364874,0.01149659692000823,0.033847987863584006
VIC_Unvegetated,VIC,Unvegetated,16.1350005467733,20.7625,0.006179146646786116,-0.008595158786665585,0.04896629619206047
WA_Seagrass,WA,Seagrass,10.951000213623,20.2111111111111,0.004143496912381877,-0.21893089978768646,0.12251257323706724
WA_Unvegetated,WA,Unvegetated,10.951000213623,19.5555555555556,0.0045040749103324425,-0.15699122739653723,0.09997748921251917
WA2_Seagrass,WA2,Seagrass,9.51550030708313,16.325,0.0021777973238503974,-0.1922060678199792,0.14226214246498525
WA2_Unvegetated,WA2,Unvegetated,9.51550030708313,16.6708333333333,0.00573227841177375,-0.22241102374447777,0.18138447689671072
Wales_Seagrass,Wales,Seagrass,11.682799911499,16.5,0.28620279464784076,-0.10733026454488544,0.16352155010934172
Wales_Unvegetated,Wales,Unvegetated,11.682799911499,16.5,0.010959047790455029,-0.1373935104341388,0.1182762788627731
Yuca1_Seagrass,Yuca1,Seagrass,28.1341999053955,31.1666666666667,0.007270413437255277,0.16148202429452047,-0.27995977160575003
Yuca1_Unvegetated,Yuca1,Unvegetated,28.1341999053955,30.8333333333333,0.0011373593738411107,0.1963538223873375,-0.2658242984973458
Yuca2_Seagrass,Yuca2,Seagrass,27.9804997444153,30.5,0.030494406137431998,0.12239164082828342,-0.2694516290780178
Yuca2_Unvegetated,Yuca2,Unvegetated,27.9804997444153,30.5,0.0011661328149532933,0.1054300778884366,-0.22005622735819935
